Insurance_company,Cost_of_vehicle,Min_coverage,Expiry_date,Max_coverage,Condition,Amount,kfold
2,51300.0,1282.5,2023-08-06,12903.0,1,1058.0,0
10,46500.0,1162.5,2022-12-28,11703.0,1,5554.0,0
7,30600.0,765.0,2024-06-24,7728.0,1,668.0,0
0,24700.0,617.5,2021-10-12,6253.0,1,588.0,0
10,38300.0,957.5,2022-12-17,9653.0,1,4991.0,0
9,37000.0,925.0,2026-04-12,32227.68,0,0.0,0
6,32100.0,802.5,2026-05-29,8103.0,1,6165.0,0
3,50200.0,1255.0,2027-06-05,12628.0,1,3292.0,0
8,34700.0,867.5,2027-08-12,8753.0,1,6981.0,0
5,48400.0,1210.0,2028-04-16,12178.0,1,5976.0,0
6,43200.0,1080.0,2028-11-02,10878.0,1,400.0,0
0,35600.0,890.0,2028-10-05,8978.0,1,2717.0,0
10,39100.0,977.5,2024-08-09,9853.0,1,8277.0,0
7,33400.0,835.0,2026-09-20,8428.0,1,486.0,0
3,46800.0,1170.0,2028-05-10,11778.0,1,5153.0,0
5,45600.0,1140.0,2025-01-18,11478.0,1,2995.0,0
4,34100.0,852.5,2024-01-04,8603.0,1,2084.0,0
6,24500.0,612.5,2023-03-12,6203.0,1,740.0,0
6,33300.0,832.5,2024-08-15,29008.68,0,0.0,0
6,31100.0,777.5,2022-06-01,7853.0,1,6549.0,0
2,36900.0,922.5,2023-04-18,9303.0,1,8408.0,0
8,51200.0,1280.0,2024-04-26,44581.68,0,0.0,0
0,37500.0,937.5,2023-11-21,9453.0,1,4497.0,0
8,42900.0,1072.5,2027-10-10,10803.0,1,5829.0,0
9,33400.0,835.0,2024-12-16,8428.0,1,941.0,0
6,34800.0,870.0,2023-06-25,8778.0,1,4973.0,0
5,45600.0,1140.0,2027-05-19,11478.0,1,7397.0,0
2,52500.0,1312.5,2027-03-27,13203.0,1,6636.0,0
3,34600.0,865.0,2025-09-25,8728.0,1,5006.0,0
9,24100.0,602.5,2023-09-12,6103.0,1,5893.0,0
10,53500.0,1337.5,2026-01-19,13453.0,1,1144.0,0
3,41500.0,1037.5,2025-05-04,10453.0,1,6085.0,0
10,40700.0,1017.5,2023-02-12,10253.0,1,684.0,0
0,27400.0,685.0,2024-06-28,6928.0,1,2980.0,0
3,44200.0,1105.0,2021-05-12,11128.0,1,1183.0,0
3,35000.0,875.0,2025-09-05,8828.0,1,6802.0,0
0,53500.0,1337.5,2022-09-20,13453.0,1,2926.0,0
4,39800.0,995.0,2024-03-25,10028.0,1,3907.0,0
5,48700.0,1217.5,2024-11-23,12253.0,1,4098.0,0
8,51600.0,1290.0,2027-07-22,12978.0,1,929.0,0
6,48600.0,1215.0,2028-07-11,12228.0,1,6079.0,0
7,37300.0,932.5,2027-05-01,9403.0,1,5767.0,0
0,47600.0,1190.0,2027-02-26,11978.0,1,4793.0,0
8,49600.0,1240.0,2027-06-22,12478.0,1,9834.0,0
3,23100.0,577.5,2022-09-20,5853.0,1,6707.0,0
7,27300.0,682.5,2026-12-15,6903.0,1,6471.0,0
1,49700.0,1242.5,2022-02-03,12503.0,1,679.0,0
9,50200.0,1255.0,2028-06-03,12628.0,1,2533.0,0
7,50800.0,1270.0,2027-09-03,44233.68,0,0.0,0
6,41500.0,1037.5,2028-08-08,10453.0,1,5469.0,0
6,51400.0,1285.0,2022-01-23,12928.0,1,2653.0,0
8,41000.0,1025.0,2027-10-07,10328.0,1,8707.0,0
7,39100.0,977.5,2022-09-28,9853.0,1,701.0,0
8,40600.0,1015.0,2025-12-05,10228.0,1,662.0,0
1,34800.0,870.0,2022-04-29,8778.0,1,2955.0,0
8,28600.0,715.0,2022-05-04,7228.0,1,2452.0,0
3,26100.0,652.5,2026-08-20,6603.0,1,499.0,0
6,46400.0,1160.0,2025-06-19,11678.0,1,5520.0,0
5,51000.0,1275.0,2027-06-25,12828.0,1,3090.0,0
3,31400.0,785.0,2023-11-11,7928.0,1,4000.0,0
4,39000.0,975.0,2028-05-26,33967.68,0,0.0,0
2,53500.0,1337.5,2022-02-23,13453.0,1,4448.0,0
2,47800.0,1195.0,2028-11-20,12028.0,1,674.0,0
10,47600.0,1190.0,2026-04-20,11978.0,1,5312.0,0
9,27900.0,697.5,2026-07-11,7053.0,1,7218.0,0
7,50400.0,1260.0,2022-09-15,12678.0,1,3337.0,0
10,40000.0,1000.0,2027-05-08,10078.0,1,8075.0,0
3,11100.0,277.5,2027-06-12,2853.0,1,422.0,0
10,53100.0,1327.5,2026-09-26,13353.0,1,507.0,0
4,23400.0,585.0,2027-03-09,5928.0,1,3841.0,0
2,35000.0,875.0,2027-06-06,8828.0,1,536.0,0
7,26100.0,652.5,2023-11-17,6603.0,1,6787.0,0
7,33200.0,830.0,2028-04-07,8378.0,1,2701.0,0
5,30000.0,750.0,2028-12-04,7578.0,1,1017.0,0
7,38600.0,965.0,2026-05-08,9728.0,1,576.0,0
8,22900.0,572.5,2028-09-24,5803.0,1,5807.0,0
3,38500.0,962.5,2023-04-10,9703.0,1,5551.0,0
5,49700.0,1242.5,2025-08-04,12503.0,1,1222.0,0
1,27100.0,677.5,2022-01-11,6853.0,1,3070.0,0
7,41200.0,1030.0,2026-12-12,10378.0,1,2972.0,0
0,42600.0,1065.0,2028-08-22,10728.0,1,7219.0,0
2,46300.0,1157.5,2027-12-24,11653.0,1,627.0,0
0,45400.0,1135.0,2025-11-08,39535.68,0,0.0,0
1,45200.0,1130.0,2028-06-08,11378.0,1,8243.0,0
6,45800.0,1145.0,2026-06-24,11528.0,1,5325.0,0
3,33000.0,825.0,2026-02-11,8328.0,1,6790.0,0
7,26500.0,662.5,2022-01-20,6703.0,1,665.0,0
9,47100.0,1177.5,2023-01-03,11853.0,1,3853.0,0
10,49600.0,1240.0,2028-12-26,12478.0,1,4487.0,0
7,42000.0,1050.0,2026-01-04,10578.0,1,6259.0,0
0,36500.0,912.5,2022-12-12,9203.0,1,9478.0,0
3,45900.0,1147.5,2024-10-17,11553.0,1,6170.0,0
0,48400.0,1210.0,2028-07-31,12178.0,1,1020.0,0
3,33900.0,847.5,2027-11-03,29530.68,0,0.0,0
10,25100.0,627.5,2026-09-21,6353.0,1,8443.0,0
6,24500.0,612.5,2028-07-08,6203.0,1,5599.0,0
9,30200.0,755.0,2023-05-04,7628.0,1,4138.0,0
3,36300.0,907.5,2024-03-28,9153.0,1,5526.0,0
0,37400.0,935.0,2022-10-01,9428.0,1,5113.0,0
0,43600.0,1090.0,2024-10-14,10978.0,1,5262.0,0
4,38600.0,965.0,2027-04-25,9728.0,1,105.0,0
7,34500.0,862.5,2025-01-31,8703.0,1,4295.0,0
5,52000.0,1300.0,2028-01-30,13078.0,1,2510.0,0
0,40800.0,1020.0,2026-06-26,10278.0,1,4977.0,0
4,36900.0,922.5,2022-06-28,9303.0,1,953.0,0
10,50200.0,1255.0,2023-12-18,12628.0,1,4385.0,0
2,38700.0,967.5,2025-02-03,9753.0,1,4931.0,0
8,36000.0,900.0,2023-04-28,9078.0,1,9491.0,0
2,27600.0,690.0,2026-01-05,6978.0,1,8849.0,0
0,22900.0,572.5,2025-05-07,5803.0,1,4427.0,0
4,43700.0,1092.5,2023-09-03,11003.0,1,2443.0,0
0,49500.0,1237.5,2022-06-30,12453.0,1,8941.0,0
2,26900.0,672.5,2028-02-21,6803.0,1,5264.0,0
9,26100.0,652.5,2025-11-05,6603.0,1,587.0,0
3,46400.0,1160.0,2025-12-20,11678.0,1,4648.0,0
6,22900.0,572.5,2028-04-26,5803.0,1,9593.0,0
6,45900.0,1147.5,2025-05-16,11553.0,1,4336.0,0
4,52400.0,1310.0,2022-04-19,13178.0,1,6539.0,0
2,44600.0,1115.0,2025-12-11,11228.0,1,5016.0,0
4,37500.0,937.5,2022-07-06,9453.0,1,7792.0,0
3,39900.0,997.5,2028-06-25,10053.0,1,5177.0,0
10,37700.0,942.5,2025-09-24,9503.0,1,3607.0,0
10,30800.0,770.0,2025-11-23,7778.0,1,715.0,0
0,41900.0,1047.5,2026-10-18,10553.0,1,3947.0,0
10,44900.0,1122.5,2021-12-11,11303.0,1,4043.0,0
8,40800.0,1020.0,2028-01-27,10278.0,1,835.0,0
8,26600.0,665.0,2024-04-19,6728.0,1,6154.0,0
1,34200.0,855.0,2024-03-31,8628.0,1,550.0,0
1,38400.0,960.0,2022-08-18,9678.0,1,6757.0,0
1,28200.0,705.0,2022-11-15,7128.0,1,1069.0,0
3,31200.0,780.0,2024-03-13,7878.0,1,4305.0,0
10,49100.0,1227.5,2021-12-14,12353.0,1,5713.0,0
0,48800.0,1220.0,2022-08-21,12278.0,1,7298.0,0
4,36300.0,907.5,2028-09-18,9153.0,1,902.0,0
5,30200.0,755.0,2022-02-24,7628.0,1,729.0,0
2,35500.0,887.5,2023-01-19,8953.0,1,3277.0,0
2,23500.0,587.5,2022-08-05,5953.0,1,5440.0,0
2,50200.0,1255.0,2022-06-27,12628.0,1,4391.0,0
10,48000.0,1200.0,2028-07-17,12078.0,1,4404.0,0
9,33700.0,842.5,2028-01-13,8503.0,1,2812.0,0
2,45100.0,1127.5,2022-03-07,11353.0,1,6483.0,0
6,43600.0,1090.0,2025-08-26,10978.0,1,554.0,0
10,45200.0,1130.0,2027-01-31,11378.0,1,3531.0,0
8,31200.0,780.0,2022-10-18,7878.0,1,9355.0,0
3,22600.0,565.0,2021-11-27,5728.0,1,4970.0,0
8,40400.0,1010.0,2021-11-21,10178.0,1,1208.0,0
2,53200.0,1330.0,2028-12-01,13378.0,1,4013.0,0
3,46000.0,1150.0,2028-05-30,11578.0,1,4630.0,0
3,44300.0,1107.5,2024-05-24,11153.0,1,4083.0,0
3,29000.0,725.0,2022-05-02,7328.0,1,285.0,0
7,47200.0,1180.0,2026-01-26,11878.0,1,5051.0,0
8,50600.0,1265.0,2023-10-04,12728.0,1,8582.0,0
8,37400.0,935.0,2022-05-11,9428.0,1,6467.0,0
6,50100.0,1252.5,2023-08-12,12603.0,1,7618.0,0
7,34100.0,852.5,2024-07-09,8603.0,1,8788.0,0
3,35100.0,877.5,2023-09-09,8853.0,1,262.0,0
1,28800.0,720.0,2023-02-09,7278.0,1,781.0,0
5,39200.0,980.0,2024-01-15,9878.0,1,8210.0,0
1,39900.0,997.5,2022-07-18,10053.0,1,351.0,0
2,42300.0,1057.5,2024-04-05,10653.0,1,361.0,0
4,34400.0,860.0,2027-02-08,8678.0,1,3815.0,0
10,43600.0,1090.0,2026-07-05,37969.68,0,0.0,0
0,40200.0,1005.0,2022-11-15,10128.0,1,3957.0,0
7,26900.0,672.5,2023-04-25,6803.0,1,556.0,0
2,30500.0,762.5,2022-06-10,7703.0,1,415.0,0
0,33400.0,835.0,2025-08-31,8428.0,1,4261.0,0
10,30400.0,760.0,2022-12-29,7678.0,1,4340.0,0
8,40800.0,1020.0,2026-02-25,10278.0,1,200.0,0
0,23300.0,582.5,2025-01-30,5903.0,1,6631.0,0
1,26200.0,655.0,2027-01-25,6628.0,1,10524.0,0
7,32600.0,815.0,2025-10-04,8228.0,1,3200.0,0
7,36300.0,907.5,2022-01-31,9153.0,1,6959.0,0
5,30900.0,772.5,2025-08-13,7803.0,1,5940.0,0
4,25000.0,625.0,2025-12-22,6328.0,1,2550.0,0
10,50200.0,1255.0,2027-04-14,12628.0,1,6763.0,0
0,53400.0,1335.0,2028-10-20,46495.68,0,0.0,0
1,36200.0,905.0,2024-03-24,9128.0,1,5660.0,0
10,36500.0,912.5,2023-07-02,9203.0,1,536.0,0
8,29500.0,737.5,2027-04-20,7453.0,1,6261.0,0
2,45300.0,1132.5,2024-05-13,11403.0,1,3922.0,0
5,29800.0,745.0,2021-11-11,7528.0,1,550.0,0
4,43700.0,1092.5,2024-02-22,11003.0,1,4506.0,0
0,32400.0,810.0,2024-12-06,28225.68,0,0.0,0
0,47800.0,1195.0,2028-05-31,12028.0,1,6794.0,0
5,27800.0,695.0,2023-05-11,7028.0,1,5207.0,0
7,53300.0,1332.5,2022-12-15,13403.0,1,431.0,0
7,41000.0,1025.0,2021-12-22,10328.0,1,9514.0,0
1,50800.0,1270.0,2024-12-22,12778.0,1,5416.0,0
10,36400.0,910.0,2027-03-22,9178.0,1,2587.0,0
8,26800.0,670.0,2027-10-27,6778.0,1,4973.0,0
6,45000.0,1125.0,2025-01-14,11328.0,1,2641.0,0
10,50000.0,1250.0,2028-03-01,12578.0,1,9532.0,0
6,34900.0,872.5,2022-02-22,8803.0,1,7675.0,0
1,45100.0,1127.5,2024-05-01,11353.0,1,7862.0,0
10,45900.0,1147.5,2025-04-22,11553.0,1,3117.0,0
4,26500.0,662.5,2027-11-06,6703.0,1,4039.0,0
9,44700.0,1117.5,2026-04-03,11253.0,1,2652.0,0
1,25400.0,635.0,2026-10-17,6428.0,1,1456.0,0
3,52400.0,1310.0,2022-04-04,13178.0,1,859.0,0
3,29300.0,732.5,2027-08-24,7403.0,1,6352.0,0
9,48400.0,1210.0,2023-03-28,12178.0,1,2337.0,0
6,51400.0,1285.0,2027-07-13,12928.0,1,3745.0,0
9,36700.0,917.5,2023-06-07,9253.0,1,840.0,0
3,23700.0,592.5,2027-05-11,20656.68,0,0.0,0
3,37400.0,935.0,2026-06-11,9428.0,1,4609.0,0
5,33500.0,837.5,2027-12-20,29182.68,0,0.0,0
4,38400.0,960.0,2025-02-06,33445.68,0,0.0,0
3,26500.0,662.5,2028-02-22,6703.0,1,2954.0,0
7,50200.0,1255.0,2022-04-24,12628.0,1,5959.0,0
2,27300.0,682.5,2028-03-25,6903.0,1,2353.0,0
0,41100.0,1027.5,2025-07-18,10353.0,1,5071.0,0
7,22700.0,567.5,2022-07-06,5753.0,1,5703.0,0
9,36100.0,902.5,2028-02-18,9103.0,1,4434.0,0
6,28300.0,707.5,2026-11-04,7153.0,1,5501.0,0
3,37100.0,927.5,2028-12-20,9353.0,1,3551.0,0
7,39200.0,980.0,2027-08-27,9878.0,1,5773.0,0
4,49500.0,1237.5,2024-11-02,12453.0,1,5326.0,0
1,41900.0,1047.5,2023-01-23,10553.0,1,1291.0,0
9,25500.0,637.5,2023-08-31,6453.0,1,5572.0,0
1,23000.0,575.0,2025-05-10,5828.0,1,8330.0,0
0,27500.0,687.5,2022-12-13,6953.0,1,429.0,0
8,29300.0,732.5,2028-04-04,7403.0,1,5190.0,0
3,31400.0,785.0,2025-10-23,7928.0,1,7743.0,0
3,48000.0,1200.0,2023-02-03,12078.0,1,538.0,0
9,29100.0,727.5,2026-08-21,7353.0,1,6251.0,0
1,35100.0,877.5,2023-09-12,8853.0,1,3388.0,0
4,29700.0,742.5,2025-08-14,7503.0,1,2523.0,0
8,50400.0,1260.0,2028-05-15,12678.0,1,9097.0,0
6,48000.0,1200.0,2028-04-13,12078.0,1,611.0,0
9,29700.0,742.5,2027-06-17,7503.0,1,3528.0,0
5,27200.0,680.0,2027-01-21,6878.0,1,4184.0,0
6,43300.0,1082.5,2028-04-16,37708.68,0,0.0,0
1,46200.0,1155.0,2026-06-12,11628.0,1,3320.0,0
3,23000.0,575.0,2028-10-13,5828.0,1,1743.0,0
5,38000.0,950.0,2022-10-31,9578.0,1,809.0,0
2,39200.0,980.0,2025-07-18,9878.0,1,9765.0,0
1,33600.0,840.0,2027-06-02,8478.0,1,7297.0,0
2,32000.0,800.0,2026-05-11,8078.0,1,1864.0,0
0,27200.0,680.0,2027-12-04,6878.0,1,4740.0,0
5,40800.0,1020.0,2022-03-04,10278.0,1,7009.0,0
3,32200.0,805.0,2028-12-28,8128.0,1,657.0,0
8,46600.0,1165.0,2025-11-21,11728.0,1,4974.0,0
4,39900.0,997.5,2024-07-08,10053.0,1,382.0,0
3,30100.0,752.5,2022-08-08,7603.0,1,4455.0,0
1,45200.0,1130.0,2027-03-25,11378.0,1,7832.0,0
1,43500.0,1087.5,2026-10-27,10953.0,1,4530.0,0
3,29800.0,745.0,2023-09-17,7528.0,1,5784.0,0
0,48700.0,1217.5,2028-04-26,12253.0,1,3192.0,0
4,46000.0,1150.0,2028-02-28,11578.0,1,640.0,0
5,25000.0,625.0,2027-09-12,6328.0,1,1000.0,0
0,31000.0,775.0,2024-06-14,7828.0,1,5158.0,0
0,25300.0,632.5,2025-05-28,6403.0,1,6945.0,0
5,52400.0,1310.0,2026-06-30,13178.0,1,10495.0,0
1,27400.0,685.0,2027-09-14,6928.0,1,4195.0,0
1,34900.0,872.5,2026-09-24,8803.0,1,3850.0,0
3,44600.0,1115.0,2028-07-21,11228.0,1,5858.0,1
9,35000.0,875.0,2022-03-24,30487.68,0,0.0,0
3,38600.0,965.0,2023-11-21,9728.0,1,500.0,1
9,33700.0,842.5,2022-07-19,8503.0,1,6495.0,1
6,40000.0,1000.0,2023-01-06,10078.0,1,2397.0,1
8,40400.0,1010.0,2024-11-28,10178.0,1,690.0,1
3,37300.0,932.5,2027-12-13,9403.0,1,1516.0,1
5,35200.0,880.0,2023-05-28,8878.0,1,8860.0,1
6,45800.0,1145.0,2028-09-04,39883.68,0,0.0,0
10,36800.0,920.0,2023-06-05,32053.68,0,0.0,0
3,33900.0,847.5,2025-04-14,8553.0,1,817.0,1
8,41800.0,1045.0,2025-05-14,10528.0,1,305.0,1
10,30600.0,765.0,2025-10-04,7728.0,1,5014.0,1
3,39400.0,985.0,2026-04-29,9928.0,1,625.0,1
5,29200.0,730.0,2026-11-02,7378.0,1,5036.0,1
6,28700.0,717.5,2028-05-26,7253.0,1,3935.0,1
2,45000.0,1125.0,2028-03-11,11328.0,1,5682.0,1
1,42600.0,1065.0,2028-11-22,10728.0,1,9370.0,1
8,32400.0,810.0,2023-03-04,8178.0,1,4609.0,1
6,39300.0,982.5,2022-11-19,9903.0,1,3622.0,1
8,32400.0,810.0,2024-06-28,8178.0,1,549.0,1
3,49800.0,1245.0,2027-01-10,12528.0,1,617.0,1
5,44500.0,1112.5,2026-09-03,11203.0,1,8826.0,1
6,53300.0,1332.5,2027-10-15,13403.0,1,3571.0,1
0,40400.0,1010.0,2024-07-07,10178.0,1,4376.0,1
0,43700.0,1092.5,2025-09-15,11003.0,1,411.0,1
0,31600.0,790.0,2026-09-24,7978.0,1,372.0,1
8,41900.0,1047.5,2027-03-08,10553.0,1,6675.0,1
8,43200.0,1080.0,2028-09-11,10878.0,1,5384.0,1
7,45900.0,1147.5,2026-01-13,11553.0,1,3389.0,1
7,44600.0,1115.0,2026-04-01,11228.0,1,829.0,1
3,39300.0,982.5,2024-05-10,9903.0,1,5409.0,1
6,27200.0,680.0,2028-05-24,6878.0,1,4450.0,1
8,24900.0,622.5,2026-09-18,6303.0,1,3875.0,1
1,31200.0,780.0,2024-01-05,7878.0,1,3739.0,1
2,28800.0,720.0,2025-10-17,7278.0,1,100.0,1
10,23400.0,585.0,2028-10-05,5928.0,1,631.0,1
0,27300.0,682.5,2027-12-19,6903.0,1,4962.0,1
9,48300.0,1207.5,2027-11-09,12153.0,1,4841.0,1
7,30700.0,767.5,2021-11-15,7753.0,1,2679.0,1
7,33900.0,847.5,2027-07-23,8553.0,1,4313.0,1
10,41500.0,1037.5,2024-03-28,10453.0,1,6880.0,1
5,25900.0,647.5,2027-09-08,6553.0,1,3665.0,1
7,44200.0,1105.0,2027-12-23,11128.0,1,1691.0,1
5,44600.0,1115.0,2028-12-15,11228.0,1,6750.0,1
5,27000.0,675.0,2028-10-07,6828.0,1,3105.0,1
8,27700.0,692.5,2021-12-26,7003.0,1,3666.0,1
4,47600.0,1190.0,2024-08-29,11978.0,1,5691.0,1
4,46100.0,1152.5,2024-09-23,11603.0,1,7119.0,1
4,30000.0,750.0,2022-01-09,7578.0,1,4228.0,1
6,25300.0,632.5,2023-08-02,6403.0,1,3214.0,1
7,48500.0,1212.5,2023-02-23,42232.68,0,0.0,0
9,27500.0,687.5,2023-08-16,6953.0,1,3834.0,1
1,32100.0,802.5,2024-07-24,27964.68,0,0.0,0
3,45600.0,1140.0,2024-01-18,11478.0,1,4215.0,1
5,45300.0,1132.5,2028-11-01,39448.68,0,0.0,0
4,35200.0,880.0,2028-10-06,8878.0,1,2246.0,1
2,37000.0,925.0,2022-03-01,9328.0,1,2504.0,1
3,39700.0,992.5,2024-12-03,34576.68,0,0.0,1
2,39600.0,990.0,2023-11-15,9978.0,1,6838.0,1
6,49200.0,1230.0,2023-03-02,12378.0,1,1018.0,1
6,31200.0,780.0,2022-02-10,27181.68,0,0.0,1
10,42000.0,1050.0,2024-05-25,10578.0,1,733.0,1
4,30100.0,752.5,2022-06-04,7603.0,1,6211.0,1
8,35700.0,892.5,2022-10-11,9003.0,1,6887.0,1
6,39900.0,997.5,2026-05-28,10053.0,1,2943.0,1
5,45000.0,1125.0,2026-01-20,11328.0,1,787.0,1
4,36000.0,900.0,2027-10-26,9078.0,1,455.0,1
7,25100.0,627.5,2028-06-13,6353.0,1,2985.0,1
1,29200.0,730.0,2022-10-20,7378.0,1,2360.0,1
4,41300.0,1032.5,2027-10-26,10403.0,1,10466.0,1
2,37000.0,925.0,2024-07-05,9328.0,1,1741.0,1
1,25300.0,632.5,2028-12-16,6403.0,1,5250.0,1
10,31500.0,787.5,2022-03-22,7953.0,1,3747.0,1
6,36600.0,915.0,2021-12-27,9228.0,1,2716.0,1
1,38500.0,962.5,2021-12-19,33532.68,0,0.0,1
5,43500.0,1087.5,2023-02-24,10953.0,1,4221.0,1
1,36500.0,912.5,2027-12-09,9203.0,1,3686.0,1
1,52100.0,1302.5,2022-02-12,45364.68,0,0.0,1
10,44700.0,1117.5,2027-09-29,11253.0,1,4629.0,1
6,48100.0,1202.5,2023-03-23,12103.0,1,8968.0,1
0,39000.0,975.0,2023-07-01,9828.0,1,3430.0,1
0,48300.0,1207.5,2026-08-27,12153.0,1,182.0,1
9,37600.0,940.0,2022-01-11,9478.0,1,5582.0,1
10,47100.0,1177.5,2024-01-23,11853.0,1,2851.0,1
1,42700.0,1067.5,2026-02-28,10753.0,1,3463.0,1
6,22900.0,572.5,2028-06-02,5803.0,1,4527.0,1
9,38300.0,957.5,2024-01-24,9653.0,1,10177.0,1
1,40200.0,1005.0,2022-04-01,10128.0,1,2941.0,1
4,22800.0,570.0,2022-08-17,5778.0,1,3598.0,1
5,46400.0,1160.0,2022-04-17,11678.0,1,6278.0,1
8,31100.0,777.5,2025-01-12,7853.0,1,5485.0,1
8,36700.0,917.5,2022-09-02,9253.0,1,1122.0,1
9,36800.0,920.0,2023-04-02,9278.0,1,740.0,1
0,53500.0,1337.5,2022-07-07,13453.0,1,6003.0,1
0,32400.0,810.0,2026-12-10,8178.0,1,430.0,1
9,25900.0,647.5,2026-06-17,6553.0,1,5534.0,1
0,47700.0,1192.5,2022-02-14,12003.0,1,6733.0,1
9,49400.0,1235.0,2023-05-15,12428.0,1,3999.0,1
1,50300.0,1257.5,2022-07-01,43798.68,0,0.0,1
7,30400.0,760.0,2028-08-02,7678.0,1,4851.0,1
6,23700.0,592.5,2027-05-08,6003.0,1,6781.0,1
4,43700.0,1092.5,2026-10-10,38056.68,0,0.0,1
5,44000.0,1100.0,2026-08-23,11078.0,1,8416.0,1
5,40900.0,1022.5,2024-09-10,10303.0,1,5490.0,1
1,40000.0,1000.0,2022-06-17,10078.0,1,727.0,1
0,51000.0,1275.0,2026-07-03,44407.68,0,0.0,1
8,31700.0,792.5,2027-11-01,8003.0,1,411.0,1
9,23800.0,595.0,2022-03-26,6028.0,1,2666.0,1
7,45500.0,1137.5,2024-11-16,11453.0,1,7500.0,1
4,28000.0,700.0,2026-03-11,7078.0,1,5499.0,1
1,24300.0,607.5,2025-10-18,6153.0,1,5762.0,1
1,44900.0,1122.5,2025-09-07,11303.0,1,2207.0,1
8,29500.0,737.5,2028-12-17,7453.0,1,1316.0,1
4,37700.0,942.5,2022-12-24,9503.0,1,7032.0,1
1,26100.0,652.5,2028-05-17,6603.0,1,2855.0,1
1,53000.0,1325.0,2023-12-20,13328.0,1,4322.0,1
2,33500.0,837.5,2023-07-20,8453.0,1,563.0,1
0,24600.0,615.0,2024-06-12,6228.0,1,6067.0,1
7,48200.0,1205.0,2025-02-06,12128.0,1,3343.0,1
3,48300.0,1207.5,2021-06-12,12153.0,1,7370.0,1
7,31500.0,787.5,2024-11-25,7953.0,1,568.0,1
2,51700.0,1292.5,2024-07-26,13003.0,1,3155.0,1
4,38600.0,965.0,2023-07-07,9728.0,1,6454.0,1
1,35400.0,885.0,2024-09-10,8928.0,1,963.0,1
2,26200.0,655.0,2023-01-28,6628.0,1,5185.0,1
9,23500.0,587.5,2021-11-27,5953.0,1,324.0,1
3,51800.0,1295.0,2026-06-06,13028.0,1,5987.0,1
10,27500.0,687.5,2026-10-31,6953.0,1,9249.0,1
7,23900.0,597.5,2022-02-05,6053.0,1,660.0,1
9,28100.0,702.5,2025-06-22,7103.0,1,3957.0,1
8,39000.0,975.0,2025-04-11,9828.0,1,4005.0,1
6,48300.0,1207.5,2022-05-25,12153.0,1,9552.0,1
5,43200.0,1080.0,2026-03-16,10878.0,1,6256.0,1
0,50400.0,1260.0,2028-04-13,12678.0,1,5326.0,1
8,30400.0,760.0,2023-05-13,7678.0,1,2949.0,1
2,38100.0,952.5,2022-06-28,9603.0,1,494.0,1
6,50200.0,1255.0,2023-09-02,12628.0,1,2883.0,1
0,22800.0,570.0,2024-11-21,5778.0,1,7141.0,1
6,35100.0,877.5,2028-10-21,8853.0,1,3222.0,1
4,23400.0,585.0,2023-06-21,5928.0,1,3918.0,1
4,45800.0,1145.0,2027-07-31,11528.0,1,5559.0,1
7,39000.0,975.0,2027-07-21,9828.0,1,417.0,1
3,30100.0,752.5,2026-05-07,7603.0,1,2000.0,1
10,37700.0,942.5,2026-12-03,9503.0,1,6971.0,1
2,44100.0,1102.5,2022-04-01,11103.0,1,3487.0,1
9,31000.0,775.0,2027-10-10,7828.0,1,6346.0,1
0,28800.0,720.0,2022-04-20,7278.0,1,3663.0,1
2,52900.0,1322.5,2025-07-29,13303.0,1,4410.0,1
6,24300.0,607.5,2027-03-10,6153.0,1,4071.0,1
5,30400.0,760.0,2028-07-28,7678.0,1,3178.0,1
9,37100.0,927.5,2028-09-09,9353.0,1,539.0,1
7,43400.0,1085.0,2024-04-22,10928.0,1,7107.0,1
9,24000.0,600.0,2027-05-03,6078.0,1,2852.0,1
1,38200.0,955.0,2023-05-17,9628.0,1,320.0,1
4,27400.0,685.0,2025-07-03,6928.0,1,8022.0,1
10,50900.0,1272.5,2023-03-22,12803.0,1,5490.0,1
3,50000.0,1250.0,2024-10-25,12578.0,1,6420.0,1
4,31000.0,775.0,2025-01-03,7828.0,1,9560.0,1
9,35500.0,887.5,2028-11-11,8953.0,1,9093.0,1
2,49900.0,1247.5,2022-01-23,12553.0,1,6625.0,1
8,24400.0,610.0,2023-11-18,6178.0,1,10539.0,1
3,46100.0,1152.5,2025-07-08,11603.0,1,3418.0,1
0,35900.0,897.5,2028-01-05,9053.0,1,7005.0,1
3,35500.0,887.5,2027-01-01,8953.0,1,6807.0,1
3,43600.0,1090.0,2023-12-17,10978.0,1,6445.0,1
3,48700.0,1217.5,2024-12-17,12253.0,1,3608.0,1
3,22700.0,567.5,2022-03-20,5753.0,1,1258.0,1
1,31500.0,787.5,2023-11-13,7953.0,1,4354.0,1
9,42700.0,1067.5,2028-02-29,10753.0,1,1623.0,1
6,36300.0,907.5,2027-05-19,9153.0,1,6298.0,1
6,30400.0,760.0,2028-06-21,7678.0,1,3377.0,1
5,38400.0,960.0,2024-02-05,9678.0,1,561.0,1
10,35000.0,875.0,2025-09-21,8828.0,1,3960.0,1
0,50000.0,1250.0,2026-12-16,12578.0,1,615.0,1
8,28700.0,717.5,2026-11-19,7253.0,1,4439.0,1
7,45000.0,1125.0,2025-06-13,11328.0,1,578.0,1
4,39300.0,982.5,2024-11-20,9903.0,1,9409.0,1
7,32000.0,800.0,2027-10-15,8078.0,1,9647.0,1
6,34400.0,860.0,2023-06-23,8678.0,1,2178.0,1
4,43300.0,1082.5,2026-05-18,10903.0,1,806.0,1
4,23100.0,577.5,2028-08-14,5853.0,1,4013.0,1
4,48200.0,1205.0,2024-04-09,12128.0,1,6384.0,1
0,32800.0,820.0,2022-03-07,8278.0,1,861.0,1
2,15000.0,375.0,2028-03-21,3828.0,1,3024.0,1
9,24700.0,617.5,2027-05-12,6253.0,1,2212.0,1
10,38800.0,970.0,2026-11-12,9778.0,1,6304.0,1
0,25900.0,647.5,2024-09-08,6553.0,1,1011.0,1
10,45200.0,1130.0,2026-03-18,11378.0,1,7953.0,1
2,43300.0,1082.5,2024-04-14,10903.0,1,5491.0,1
4,33600.0,840.0,2022-03-11,8478.0,1,5455.0,1
6,38500.0,962.5,2025-12-16,9703.0,1,4058.0,1
10,26600.0,665.0,2028-11-05,6728.0,1,3180.0,1
6,48900.0,1222.5,2025-03-19,12303.0,1,8813.0,1
6,33600.0,840.0,2023-09-08,8478.0,1,6586.0,1
3,46600.0,1165.0,2022-01-14,11728.0,1,5720.0,1
2,51700.0,1292.5,2026-09-19,13003.0,1,5546.0,1
6,50700.0,1267.5,2025-10-07,12753.0,1,6194.0,1
2,34500.0,862.5,2028-04-10,8703.0,1,3705.0,1
7,52800.0,1320.0,2027-09-21,13278.0,1,480.0,1
1,26600.0,665.0,2022-05-21,6728.0,1,791.0,1
0,37600.0,940.0,2023-05-28,32749.68,0,0.0,1
8,43100.0,1077.5,2024-05-10,10853.0,1,4066.0,1
4,43100.0,1077.5,2028-11-30,10853.0,1,7097.0,1
10,35900.0,897.5,2028-03-14,9053.0,1,6347.0,1
9,53400.0,1335.0,2021-11-23,13428.0,1,2318.0,1
10,45200.0,1130.0,2025-07-06,11378.0,1,7440.0,1
8,23100.0,577.5,2023-08-06,5853.0,1,9634.0,1
3,49400.0,1235.0,2025-07-09,12428.0,1,3218.0,1
6,40000.0,1000.0,2028-04-20,10078.0,1,5181.0,1
0,35600.0,890.0,2026-10-27,8978.0,1,3441.0,1
1,46600.0,1165.0,2022-09-27,11728.0,1,3925.0,1
6,43400.0,1085.0,2022-06-16,10928.0,1,3960.0,1
7,28500.0,712.5,2022-09-24,24832.68,0,0.0,1
3,45200.0,1130.0,2024-04-13,11378.0,1,6914.0,1
8,36200.0,905.0,2024-04-07,9128.0,1,3663.0,1
6,29700.0,742.5,2022-12-21,7503.0,1,8633.0,1
7,29000.0,725.0,2025-12-12,7328.0,1,5605.0,1
4,33700.0,842.5,2026-08-13,8503.0,1,5642.0,1
8,43300.0,1082.5,2022-09-08,10903.0,1,677.0,1
3,50400.0,1260.0,2027-09-05,12678.0,1,4507.0,1
4,48500.0,1212.5,2027-07-31,12203.0,1,3157.0,1
1,43200.0,1080.0,2026-07-09,10878.0,1,5764.0,1
6,26500.0,662.5,2025-03-14,6703.0,1,807.0,1
9,38000.0,950.0,2026-07-14,9578.0,1,4248.0,1
4,28300.0,707.5,2027-10-03,7153.0,1,297.0,1
3,45900.0,1147.5,2025-09-17,11553.0,1,3221.0,1
5,35900.0,897.5,2023-09-03,9053.0,1,6058.0,1
10,51200.0,1280.0,2024-09-05,12878.0,1,6450.0,1
7,35000.0,875.0,2026-08-18,8828.0,1,600.0,1
5,45200.0,1130.0,2023-01-13,39361.68,0,0.0,1
4,38900.0,972.5,2028-08-07,9803.0,1,2993.0,1
3,51800.0,1295.0,2023-12-05,13028.0,1,5803.0,1
2,26100.0,652.5,2028-06-01,6603.0,1,621.0,1
3,35400.0,885.0,2026-06-21,8928.0,1,7006.0,1
7,31100.0,777.5,2023-01-20,7853.0,1,4409.0,1
4,25800.0,645.0,2027-01-15,6528.0,1,4359.0,1
5,40200.0,1005.0,2024-02-11,10128.0,1,613.0,1
1,49500.0,1237.5,2028-09-16,12453.0,1,7762.0,1
9,32300.0,807.5,2027-09-16,8153.0,1,5146.0,1
10,39700.0,992.5,2025-06-28,10003.0,1,4053.0,1
4,42600.0,1065.0,2023-10-11,37099.68,0,0.0,1
2,24400.0,610.0,2026-05-07,6178.0,1,4145.0,1
0,47800.0,1195.0,2024-04-04,12028.0,1,648.0,1
6,51500.0,1287.5,2027-03-27,12953.0,1,5805.0,1
5,25400.0,635.0,2026-12-10,6428.0,1,5647.0,1
2,41900.0,1047.5,2027-11-02,10553.0,1,4992.0,1
4,27300.0,682.5,2027-01-19,6903.0,1,1696.0,1
8,41100.0,1027.5,2021-11-15,10353.0,1,299.0,1
6,36900.0,922.5,2023-04-10,9303.0,1,10598.0,1
5,35000.0,875.0,2026-07-19,8828.0,1,4172.0,1
7,31400.0,785.0,2027-10-01,7928.0,1,5000.0,1
7,46900.0,1172.5,2025-08-22,11803.0,1,5339.0,1
0,46300.0,1157.5,2024-04-15,11653.0,1,8603.0,1
1,29000.0,725.0,2024-08-11,7328.0,1,2762.0,1
6,51800.0,1295.0,2022-10-03,45103.68,0,0.0,1
7,40100.0,1002.5,2026-04-09,10103.0,1,3553.0,1
9,32500.0,812.5,2023-07-18,8203.0,1,6142.0,1
0,39000.0,975.0,2028-04-12,9828.0,1,479.0,1
4,34000.0,850.0,2023-11-02,8578.0,1,4624.0,2
3,40700.0,1017.5,2026-01-17,10253.0,1,5028.0,2
0,28400.0,710.0,2024-05-19,7178.0,1,5747.0,2
4,42700.0,1067.5,2023-10-25,10753.0,1,6320.0,2
3,32500.0,812.5,2028-07-07,8203.0,1,6141.0,2
0,43200.0,1080.0,2025-02-16,10878.0,1,3416.0,2
2,42100.0,1052.5,2028-01-20,10603.0,1,2313.0,2
9,52800.0,1320.0,2022-01-11,13278.0,1,968.0,2
10,29600.0,740.0,2022-07-04,7478.0,1,3607.0,2
3,28200.0,705.0,2027-08-27,7128.0,1,7246.0,2
3,51600.0,1290.0,2028-09-10,12978.0,1,8195.0,2
2,35500.0,887.5,2023-07-03,8953.0,1,3764.0,2
8,41800.0,1045.0,2024-08-08,10528.0,1,6516.0,2
9,23200.0,580.0,2028-04-17,5878.0,1,8636.0,2
9,42000.0,1050.0,2025-09-22,10578.0,1,5087.0,2
0,53100.0,1327.5,2023-12-15,13353.0,1,4867.0,2
0,31200.0,780.0,2022-10-18,7878.0,1,6141.0,2
1,38300.0,957.5,2028-07-02,33358.68,0,0.0,1
8,36900.0,922.5,2021-11-13,9303.0,1,5996.0,2
8,30900.0,772.5,2024-02-07,7803.0,1,1467.0,2
9,38900.0,972.5,2028-04-29,9803.0,1,4171.0,2
9,52900.0,1322.5,2027-08-15,13303.0,1,5794.0,2
7,31400.0,785.0,2022-12-17,7928.0,1,5091.0,2
2,52100.0,1302.5,2025-01-21,13103.0,1,2827.0,2
9,29700.0,742.5,2026-08-14,7503.0,1,6853.0,2
6,46800.0,1170.0,2027-07-11,11778.0,1,9177.0,2
8,33500.0,837.5,2028-10-21,8453.0,1,3516.0,2
5,30500.0,762.5,2026-05-07,7703.0,1,4803.0,2
7,38100.0,952.5,2024-07-03,33184.68,0,0.0,1
2,22700.0,567.5,2022-11-19,5753.0,1,5069.0,2
0,40900.0,1022.5,2028-12-29,10303.0,1,7010.0,2
4,39300.0,982.5,2023-09-20,9903.0,1,4204.0,2
0,46000.0,1150.0,2023-11-16,11578.0,1,8713.0,2
9,26000.0,650.0,2027-08-22,6578.0,1,5330.0,2
9,47200.0,1180.0,2024-07-03,41101.68,0,0.0,1
2,42600.0,1065.0,2028-04-26,10728.0,1,790.0,2
3,28300.0,707.5,2025-11-24,7153.0,1,2559.0,2
1,40400.0,1010.0,2028-03-28,35185.68,0,0.0,1
8,36200.0,905.0,2028-03-12,9128.0,1,3700.0,2
0,38700.0,967.5,2022-08-12,9753.0,1,2943.0,2
2,53000.0,1325.0,2027-06-23,13328.0,1,5903.0,2
5,39600.0,990.0,2025-12-22,34489.68,0,0.0,1
9,39000.0,975.0,2027-08-19,9828.0,1,1883.0,2
4,24800.0,620.0,2023-09-07,6278.0,1,5770.0,2
0,30200.0,755.0,2025-05-13,7628.0,1,4845.0,2
7,45400.0,1135.0,2026-01-16,11428.0,1,3202.0,2
9,43100.0,1077.5,2024-08-17,10853.0,1,537.0,2
1,24200.0,605.0,2023-12-18,6128.0,1,4561.0,2
8,45200.0,1130.0,2025-01-12,11378.0,1,6012.0,2
5,27700.0,692.5,2024-06-03,7003.0,1,3784.0,2
5,33800.0,845.0,2023-01-22,8528.0,1,5340.0,2
4,24100.0,602.5,2025-11-13,21004.68,0,0.0,1
3,29400.0,735.0,2022-12-15,7428.0,1,626.0,2
3,29400.0,735.0,2025-06-02,7428.0,1,3917.0,2
3,46500.0,1162.5,2028-07-18,11703.0,1,3278.0,2
1,50000.0,1250.0,2028-06-17,12578.0,1,449.0,2
10,34900.0,872.5,2025-10-16,8803.0,1,4906.0,2
10,49700.0,1242.5,2023-02-04,12503.0,1,6652.0,2
7,29900.0,747.5,2028-09-27,7553.0,1,5167.0,2
7,28700.0,717.5,2027-08-14,7253.0,1,672.0,2
0,38400.0,960.0,2026-11-24,9678.0,1,5843.0,2
6,32900.0,822.5,2026-08-05,8303.0,1,7020.0,2
1,25200.0,630.0,2024-10-25,6378.0,1,7642.0,2
5,37500.0,937.5,2028-01-11,9453.0,1,3470.0,2
8,48400.0,1210.0,2027-08-12,12178.0,1,2270.0,2
2,24600.0,615.0,2023-05-16,6228.0,1,4901.0,2
9,47100.0,1177.5,2027-01-31,41014.68,0,0.0,1
2,30800.0,770.0,2025-12-28,7778.0,1,440.0,2
6,26100.0,652.5,2023-07-17,6603.0,1,481.0,2
2,24600.0,615.0,2027-03-14,6228.0,1,3445.0,2
7,34100.0,852.5,2028-02-15,8603.0,1,601.0,2
5,45800.0,1145.0,2023-09-08,11528.0,1,10510.0,2
8,41400.0,1035.0,2028-03-05,36055.68,0,0.0,2
8,31000.0,775.0,2027-05-25,7828.0,1,741.0,2
2,52900.0,1322.5,2028-04-22,13303.0,1,7861.0,2
8,27700.0,692.5,2028-08-12,7003.0,1,2860.0,2
4,32500.0,812.5,2024-11-06,8203.0,1,459.0,2
3,41600.0,1040.0,2024-03-09,10478.0,1,2638.0,2
1,35900.0,897.5,2025-11-21,9053.0,1,5177.0,2
8,26800.0,670.0,2026-10-30,6778.0,1,5394.0,2
6,50500.0,1262.5,2022-01-06,12703.0,1,6908.0,2
7,39700.0,992.5,2027-03-07,10003.0,1,9797.0,2
0,27600.0,690.0,2028-01-29,6978.0,1,10482.0,2
4,51700.0,1292.5,2022-01-13,13003.0,1,634.0,2
7,32900.0,822.5,2025-02-06,8303.0,1,2426.0,2
0,36500.0,912.5,2023-11-04,31792.68,0,0.0,2
3,23700.0,592.5,2023-11-27,20656.68,0,0.0,2
10,53300.0,1332.5,2027-05-08,13403.0,1,5444.0,2
5,43100.0,1077.5,2025-06-11,10853.0,1,5031.0,2
4,37800.0,945.0,2028-02-03,9528.0,1,3901.0,2
1,32400.0,810.0,2027-11-21,8178.0,1,3039.0,2
1,44600.0,1115.0,2024-03-14,11228.0,1,590.0,2
6,38400.0,960.0,2022-03-09,9678.0,1,341.0,2
9,43300.0,1082.5,2026-07-09,10903.0,1,7888.0,2
7,27900.0,697.5,2024-07-31,7053.0,1,8549.0,2
4,24900.0,622.5,2027-05-07,6303.0,1,4487.0,2
6,25100.0,627.5,2028-03-23,6353.0,1,558.0,2
4,44500.0,1112.5,2021-04-12,11203.0,1,2385.0,2
2,40500.0,1012.5,2023-06-04,10203.0,1,5407.0,2
6,47900.0,1197.5,2022-05-15,41710.68,0,0.0,2
4,25600.0,640.0,2023-06-15,6478.0,1,6056.0,2
10,31500.0,787.5,2026-12-25,7953.0,1,7009.0,2
9,24000.0,600.0,2022-01-03,6078.0,1,7287.0,2
5,48900.0,1222.5,2022-03-18,12303.0,1,5769.0,2
5,48400.0,1210.0,2022-12-19,12178.0,1,567.0,2
6,46500.0,1162.5,2027-12-29,11703.0,1,714.0,2
5,30800.0,770.0,2024-03-14,7778.0,1,5710.0,2
7,24000.0,600.0,2028-07-11,6078.0,1,9881.0,2
7,47100.0,1177.5,2028-05-18,11853.0,1,3065.0,2
4,30100.0,752.5,2021-11-24,7603.0,1,3467.0,2
1,48600.0,1215.0,2021-08-11,42319.68,0,0.0,2
6,50800.0,1270.0,2027-12-11,12778.0,1,5797.0,2
5,49700.0,1242.5,2021-11-25,12503.0,1,6039.0,2
1,24600.0,615.0,2021-11-15,6228.0,1,3423.0,2
10,32900.0,822.5,2028-06-29,8303.0,1,2279.0,2
5,49900.0,1247.5,2022-03-07,12553.0,1,2637.0,2
1,40400.0,1010.0,2022-06-24,10178.0,1,10709.0,2
3,48700.0,1217.5,2028-12-19,12253.0,1,4508.0,2
7,46300.0,1157.5,2027-10-13,11653.0,1,3182.0,2
1,47300.0,1182.5,2028-08-22,11903.0,1,4048.0,2
2,37000.0,925.0,2022-05-12,9328.0,1,10336.0,2
3,52000.0,1300.0,2022-01-07,13078.0,1,639.0,2
1,30800.0,770.0,2025-08-10,7778.0,1,6227.0,2
6,50600.0,1265.0,2027-03-23,12728.0,1,2337.0,2
4,44000.0,1100.0,2023-04-08,11078.0,1,4650.0,2
1,40300.0,1007.5,2021-11-16,10153.0,1,4728.0,2
9,46200.0,1155.0,2027-07-10,11628.0,1,5364.0,2
0,29100.0,727.5,2028-06-01,7353.0,1,8111.0,2
7,36400.0,910.0,2024-04-07,9178.0,1,5604.0,2
5,43700.0,1092.5,2025-06-07,11003.0,1,3925.0,2
4,39400.0,985.0,2028-04-07,34315.68,0,0.0,2
7,30400.0,760.0,2028-10-25,7678.0,1,4242.0,2
3,40500.0,1012.5,2026-10-03,10203.0,1,6197.0,2
6,43700.0,1092.5,2026-05-10,11003.0,1,10291.0,2
6,26800.0,670.0,2026-04-25,6778.0,1,5543.0,2
5,35600.0,890.0,2024-09-23,8978.0,1,654.0,2
4,30800.0,770.0,2027-11-06,7778.0,1,634.0,2
2,29300.0,732.5,2026-09-21,7403.0,1,6767.0,2
4,45100.0,1127.5,2026-07-02,11353.0,1,5644.0,2
7,27800.0,695.0,2022-02-14,7028.0,1,514.0,2
4,26500.0,662.5,2022-05-10,6703.0,1,7759.0,2
7,31900.0,797.5,2023-04-07,8053.0,1,8539.0,2
4,32800.0,820.0,2026-01-09,8278.0,1,4531.0,2
7,26500.0,662.5,2022-11-01,6703.0,1,5167.0,2
0,51300.0,1282.5,2027-10-05,12903.0,1,2761.0,2
4,39600.0,990.0,2028-05-14,9978.0,1,597.0,2
10,39600.0,990.0,2026-12-12,9978.0,1,5108.0,2
6,36800.0,920.0,2025-10-02,9278.0,1,4418.0,2
10,28600.0,715.0,2028-07-22,7228.0,1,5045.0,2
0,31000.0,775.0,2028-04-20,7828.0,1,6067.0,2
3,25700.0,642.5,2023-06-09,22396.68,0,0.0,2
4,44600.0,1115.0,2022-11-24,11228.0,1,7569.0,2
9,45400.0,1135.0,2027-05-05,11428.0,1,6805.0,2
4,23300.0,582.5,2024-12-29,5903.0,1,4960.0,2
6,24400.0,610.0,2027-10-14,6178.0,1,6573.0,2
0,24900.0,622.5,2026-01-20,6303.0,1,4980.0,2
3,24500.0,612.5,2027-05-09,6203.0,1,3181.0,2
10,35600.0,890.0,2027-06-08,8978.0,1,5999.0,2
10,24100.0,602.5,2026-09-09,6103.0,1,4755.0,2
0,40700.0,1017.5,2022-09-29,10253.0,1,9724.0,2
1,45400.0,1135.0,2028-01-19,11428.0,1,3478.0,2
7,22600.0,565.0,2028-09-17,5728.0,1,4166.0,2
1,43300.0,1082.5,2024-08-11,10903.0,1,3524.0,2
10,41400.0,1035.0,2026-05-28,10428.0,1,4783.0,2
1,47000.0,1175.0,2026-01-27,11828.0,1,6525.0,2
2,40500.0,1012.5,2027-02-20,10203.0,1,442.0,2
3,45400.0,1135.0,2026-04-28,39535.68,0,0.0,2
4,36000.0,900.0,2022-06-06,9078.0,1,5836.0,2
1,43900.0,1097.5,2022-05-14,11053.0,1,3941.0,2
1,23400.0,585.0,2023-07-08,5928.0,1,4776.0,2
4,24700.0,617.5,2022-01-22,6253.0,1,5090.0,2
1,35000.0,875.0,2026-01-26,8828.0,1,6171.0,2
8,31100.0,777.5,2027-12-29,7853.0,1,4321.0,2
9,38300.0,957.5,2023-04-10,9653.0,1,1000.0,2
3,23800.0,595.0,2025-10-22,6028.0,1,6166.0,2
9,40800.0,1020.0,2025-04-06,10278.0,1,6583.0,2
0,25000.0,625.0,2027-04-06,6328.0,1,5000.0,2
5,23900.0,597.5,2028-05-06,6053.0,1,533.0,2
4,24000.0,600.0,2024-01-29,6078.0,1,713.0,2
2,32500.0,812.5,2023-11-10,8203.0,1,6780.0,2
3,49500.0,1237.5,2025-04-06,12453.0,1,6554.0,2
8,52200.0,1305.0,2024-12-18,13128.0,1,6320.0,2
1,30500.0,762.5,2022-09-19,7703.0,1,5000.0,2
3,26300.0,657.5,2025-07-09,6653.0,1,5751.0,2
1,23500.0,587.5,2024-06-25,5953.0,1,3208.0,2
1,33000.0,825.0,2024-11-06,8328.0,1,4389.0,2
8,37400.0,935.0,2027-07-31,9428.0,1,5598.0,2
9,47900.0,1197.5,2025-06-21,12053.0,1,4683.0,2
7,38300.0,957.5,2025-05-11,9653.0,1,3075.0,2
6,45700.0,1142.5,2024-08-05,11503.0,1,825.0,2
0,32700.0,817.5,2026-05-30,28486.68,0,0.0,2
2,24300.0,607.5,2026-09-10,6153.0,1,3154.0,2
8,52300.0,1307.5,2025-02-17,13153.0,1,4565.0,2
0,47100.0,1177.5,2022-03-13,11853.0,1,2841.0,2
7,30000.0,750.0,2025-03-16,7578.0,1,4483.0,2
0,41100.0,1027.5,2028-09-14,10353.0,1,6555.0,2
10,27100.0,677.5,2026-01-18,6853.0,1,3656.0,2
9,24600.0,615.0,2027-03-06,6228.0,1,2984.0,2
6,37900.0,947.5,2024-05-28,9553.0,1,991.0,2
8,40500.0,1012.5,2023-11-13,10203.0,1,2000.0,2
4,45500.0,1137.5,2023-07-03,11453.0,1,3748.0,2
2,28200.0,705.0,2028-12-24,7128.0,1,3880.0,2
9,37100.0,927.5,2027-02-19,9353.0,1,3517.0,2
1,50500.0,1262.5,2028-03-29,12703.0,1,1734.0,2
6,41600.0,1040.0,2028-05-09,10478.0,1,3597.0,2
4,27800.0,695.0,2023-12-29,7028.0,1,3364.0,2
8,34300.0,857.5,2023-04-20,8653.0,1,3979.0,2
4,42000.0,1050.0,2023-04-17,10578.0,1,3958.0,2
5,51500.0,1287.5,2025-09-13,12953.0,1,279.0,2
5,49600.0,1240.0,2026-03-29,43189.68,0,0.0,2
2,50000.0,1250.0,2027-01-22,12578.0,1,4235.0,2
9,46900.0,1172.5,2028-04-22,11803.0,1,4753.0,2
1,33500.0,837.5,2023-08-23,8453.0,1,3804.0,2
0,41300.0,1032.5,2024-05-03,10403.0,1,7497.0,2
5,53500.0,1337.5,2024-06-20,13453.0,1,4701.0,2
0,34100.0,852.5,2026-11-22,8603.0,1,424.0,2
3,37000.0,925.0,2025-12-27,9328.0,1,560.0,2
0,26000.0,650.0,2028-11-17,6578.0,1,6598.0,2
5,52500.0,1312.5,2023-11-23,45712.68,0,0.0,2
4,39200.0,980.0,2025-10-01,9878.0,1,6511.0,2
1,24000.0,600.0,2024-08-12,6078.0,1,5612.0,2
5,34800.0,870.0,2028-11-12,8778.0,1,1018.0,2
8,24600.0,615.0,2028-07-22,6228.0,1,4175.0,2
0,47100.0,1177.5,2023-01-23,11853.0,1,4839.0,2
6,36300.0,907.5,2024-02-24,9153.0,1,5672.0,2
6,49500.0,1237.5,2024-03-17,12453.0,1,7056.0,2
0,42300.0,1057.5,2028-05-03,10653.0,1,9300.0,2
0,41700.0,1042.5,2026-10-07,10503.0,1,4353.0,2
1,41400.0,1035.0,2026-08-11,10428.0,1,7091.0,2
10,32700.0,817.5,2023-12-25,8253.0,1,625.0,2
6,25900.0,647.5,2026-12-19,6553.0,1,9682.0,2
5,45500.0,1137.5,2027-01-03,11453.0,1,451.0,2
2,46000.0,1150.0,2028-10-05,11578.0,1,938.0,2
3,47500.0,1187.5,2023-01-30,11953.0,1,4421.0,2
4,36400.0,910.0,2022-07-10,9178.0,1,3878.0,2
6,49700.0,1242.5,2023-10-05,12503.0,1,499.0,2
2,43900.0,1097.5,2023-07-29,11053.0,1,3049.0,2
10,27300.0,682.5,2027-05-02,6903.0,1,4985.0,2
10,23400.0,585.0,2023-07-30,5928.0,1,4527.0,2
6,43400.0,1085.0,2028-04-03,10928.0,1,475.0,2
8,28700.0,717.5,2024-09-13,25006.68,0,0.0,2
4,39900.0,997.5,2026-11-03,34750.68,0,0.0,2
9,34300.0,857.5,2022-12-27,8653.0,1,990.0,2
5,46500.0,1162.5,2026-12-20,11703.0,1,5555.0,2
9,31100.0,777.5,2026-12-16,7853.0,1,10231.0,2
5,25500.0,637.5,2027-10-03,6453.0,1,9580.0,2
0,41500.0,1037.5,2024-06-23,10453.0,1,2552.0,2
2,37600.0,940.0,2027-01-27,9478.0,1,10704.0,2
0,37800.0,945.0,2025-10-27,9528.0,1,6146.0,2
2,26600.0,665.0,2023-12-26,6728.0,1,6520.0,2
5,33700.0,842.5,2027-06-12,8503.0,1,444.0,2
5,52800.0,1320.0,2024-05-19,13278.0,1,5515.0,2
0,42000.0,1050.0,2025-11-02,10578.0,1,6864.0,2
8,38700.0,967.5,2023-09-05,9753.0,1,1726.0,2
0,52600.0,1315.0,2028-03-01,13228.0,1,3060.0,2
7,40100.0,1002.5,2026-04-28,10103.0,1,7480.0,2
0,38900.0,972.5,2022-08-11,9803.0,1,3476.0,2
8,25600.0,640.0,2026-03-07,6478.0,1,4850.0,2
3,24100.0,602.5,2024-07-03,6103.0,1,6142.0,2
8,36800.0,920.0,2023-11-21,9278.0,1,5379.0,2
9,23800.0,595.0,2026-02-10,6028.0,1,827.0,2
7,50300.0,1257.5,2022-06-17,12653.0,1,9170.0,3
5,28700.0,717.5,2027-10-27,7253.0,1,4415.0,3
3,23600.0,590.0,2024-09-12,5978.0,1,4254.0,3
6,44300.0,1107.5,2024-03-21,11153.0,1,1997.0,3
3,27800.0,695.0,2027-07-30,7028.0,1,5555.0,3
3,24300.0,607.5,2025-06-02,6153.0,1,2773.0,3
0,44700.0,1117.5,2028-05-17,11253.0,1,3169.0,3
7,51800.0,1295.0,2022-01-16,13028.0,1,5775.0,3
5,23600.0,590.0,2022-03-22,5978.0,1,419.0,3
3,36600.0,915.0,2026-09-27,9228.0,1,5154.0,3
8,26500.0,662.5,2023-07-24,23092.68,0,0.0,2
7,37200.0,930.0,2026-11-19,9378.0,1,3467.0,3
7,49300.0,1232.5,2022-10-17,12403.0,1,4004.0,3
10,25700.0,642.5,2027-03-05,6503.0,1,3892.0,3
6,26100.0,652.5,2028-03-19,6603.0,1,4031.0,3
7,45300.0,1132.5,2024-11-19,39448.68,0,0.0,2
8,45800.0,1145.0,2028-08-20,11528.0,1,4789.0,3
5,52800.0,1320.0,2022-01-07,13278.0,1,8746.0,3
9,46900.0,1172.5,2022-12-20,11803.0,1,7438.0,3
5,28800.0,720.0,2028-11-23,7278.0,1,4746.0,3
8,45600.0,1140.0,2024-12-03,11478.0,1,6324.0,3
7,38500.0,962.5,2026-11-12,9703.0,1,2512.0,3
8,46100.0,1152.5,2025-10-10,11603.0,1,7277.0,3
6,41200.0,1030.0,2028-10-05,10378.0,1,3448.0,3
2,25000.0,625.0,2026-06-23,6328.0,1,868.0,3
5,32500.0,812.5,2026-02-18,8203.0,1,6857.0,3
7,24300.0,607.5,2023-05-12,6153.0,1,500.0,3
8,32200.0,805.0,2023-08-21,8128.0,1,3049.0,3
9,44000.0,1100.0,2025-05-12,38317.68,0,0.0,2
6,53400.0,1335.0,2025-10-01,13428.0,1,3324.0,3
0,23500.0,587.5,2022-01-24,5953.0,1,453.0,3
8,41200.0,1030.0,2022-07-30,10378.0,1,10193.0,3
7,48900.0,1222.5,2028-12-22,12303.0,1,6314.0,3
2,43900.0,1097.5,2025-12-15,11053.0,1,5936.0,3
2,31900.0,797.5,2022-08-04,8053.0,1,3698.0,3
3,28400.0,710.0,2024-10-26,7178.0,1,15836.0,3
1,29300.0,732.5,2028-03-09,7403.0,1,7944.0,3
2,26200.0,655.0,2024-11-23,6628.0,1,8419.0,3
7,27300.0,682.5,2027-10-16,6903.0,1,3058.0,3
7,27600.0,690.0,2027-06-14,6978.0,1,4111.0,3
10,48600.0,1215.0,2022-10-31,12228.0,1,5992.0,3
5,33900.0,847.5,2022-12-12,8553.0,1,956.0,3
3,47000.0,1175.0,2028-12-10,11828.0,1,3632.0,3
9,27500.0,687.5,2023-05-09,6953.0,1,3266.0,3
9,23000.0,575.0,2024-05-29,5828.0,1,3000.0,3
2,44100.0,1102.5,2022-01-22,11103.0,1,678.0,3
9,27800.0,695.0,2026-04-08,7028.0,1,603.0,3
4,24200.0,605.0,2025-07-16,6128.0,1,666.0,3
9,49300.0,1232.5,2024-12-21,12403.0,1,6656.0,3
10,24600.0,615.0,2025-11-27,6228.0,1,738.0,3
10,30800.0,770.0,2022-02-17,7778.0,1,3201.0,3
4,50800.0,1270.0,2028-02-17,12778.0,1,4436.0,3
4,36600.0,915.0,2022-02-07,31879.68,0,0.0,2
8,44200.0,1105.0,2025-05-25,11128.0,1,6910.0,3
9,30000.0,750.0,2027-09-26,7578.0,1,3993.0,3
5,46900.0,1172.5,2023-05-06,11803.0,1,7742.0,3
7,43400.0,1085.0,2024-01-24,37795.68,0,0.0,2
2,30100.0,752.5,2028-04-25,7603.0,1,6385.0,3
3,37700.0,942.5,2026-04-12,9503.0,1,7508.0,3
10,39100.0,977.5,2023-07-29,9853.0,1,6879.0,3
0,42800.0,1070.0,2026-12-16,10778.0,1,8450.0,3
4,47500.0,1187.5,2028-06-14,11953.0,1,8232.0,3
9,51700.0,1292.5,2023-04-25,13003.0,1,269.0,3
4,53000.0,1325.0,2028-01-26,13328.0,1,325.0,3
2,51600.0,1290.0,2026-09-12,44929.68,0,0.0,2
2,50700.0,1267.5,2026-07-08,12753.0,1,253.0,3
7,40900.0,1022.5,2025-05-05,10303.0,1,6737.0,3
8,30300.0,757.5,2026-09-21,7653.0,1,6091.0,3
10,47900.0,1197.5,2028-07-30,12053.0,1,6356.0,3
2,34800.0,870.0,2023-09-07,8778.0,1,4683.0,3
8,43400.0,1085.0,2025-04-17,10928.0,1,3090.0,3
10,36200.0,905.0,2026-10-22,9128.0,1,3790.0,3
7,31000.0,775.0,2028-05-29,7828.0,1,9131.0,3
3,32500.0,812.5,2025-07-02,8203.0,1,103.0,3
3,32500.0,812.5,2027-12-09,8203.0,1,2000.0,3
10,49400.0,1235.0,2026-05-28,12428.0,1,5810.0,3
5,27700.0,692.5,2027-05-19,7003.0,1,5605.0,3
10,50800.0,1270.0,2023-11-03,12778.0,1,3471.0,3
4,48000.0,1200.0,2023-06-18,12078.0,1,409.0,3
8,36200.0,905.0,2026-01-18,9128.0,1,7411.0,3
0,42100.0,1052.5,2024-01-20,10603.0,1,7627.0,3
4,28900.0,722.5,2026-07-18,7303.0,1,5176.0,3
1,53000.0,1325.0,2023-12-04,13328.0,1,6558.0,3
3,25600.0,640.0,2026-06-06,6478.0,1,9055.0,3
9,53400.0,1335.0,2023-04-15,46495.68,0,0.0,3
7,48000.0,1200.0,2026-02-22,12078.0,1,5111.0,3
8,34800.0,870.0,2024-12-31,8778.0,1,4431.0,3
6,50200.0,1255.0,2022-11-08,43711.68,0,0.0,3
9,25800.0,645.0,2027-03-05,6528.0,1,353.0,3
5,29300.0,732.5,2027-11-19,7403.0,1,3549.0,3
1,32500.0,812.5,2028-12-13,8203.0,1,8943.0,3
2,27200.0,680.0,2024-03-19,6878.0,1,5463.0,3
4,52600.0,1315.0,2028-11-23,13228.0,1,3293.0,3
6,41300.0,1032.5,2024-08-29,10403.0,1,232.0,3
0,28700.0,717.5,2022-10-13,7253.0,1,7833.0,3
6,46700.0,1167.5,2026-09-13,11753.0,1,5800.0,3
7,33200.0,830.0,2026-04-26,8378.0,1,3617.0,3
5,25400.0,635.0,2027-07-31,6428.0,1,5716.0,3
3,22600.0,565.0,2027-06-27,5728.0,1,647.0,3
9,46100.0,1152.5,2024-12-31,11603.0,1,4356.0,3
3,40100.0,1002.5,2024-03-26,10103.0,1,5544.0,3
0,27100.0,677.5,2025-05-21,6853.0,1,4069.0,3
7,37500.0,937.5,2027-10-26,9453.0,1,6228.0,3
0,36600.0,915.0,2025-11-04,9228.0,1,3409.0,3
10,25500.0,637.5,2026-07-21,6453.0,1,2762.0,3
9,29000.0,725.0,2024-06-16,7328.0,1,4118.0,3
7,44500.0,1112.5,2023-07-23,11203.0,1,3924.0,3
6,53500.0,1337.5,2024-08-24,13453.0,1,6542.0,3
7,35400.0,885.0,2022-06-10,8928.0,1,3584.0,3
0,30300.0,757.5,2025-06-14,7653.0,1,4642.0,3
1,33600.0,840.0,2023-07-18,8478.0,1,5472.0,3
5,31700.0,792.5,2023-02-09,8003.0,1,1000.0,3
0,40900.0,1022.5,2023-03-11,10303.0,1,7445.0,3
8,35900.0,897.5,2024-09-16,31270.68,0,0.0,3
10,47400.0,1185.0,2022-02-27,11928.0,1,694.0,3
7,29400.0,735.0,2022-07-17,7428.0,1,347.0,3
6,28900.0,722.5,2025-12-18,7303.0,1,4904.0,3
10,40200.0,1005.0,2028-06-13,10128.0,1,4273.0,3
5,25200.0,630.0,2028-02-22,6378.0,1,7831.0,3
7,45600.0,1140.0,2026-10-17,11478.0,1,4112.0,3
5,45800.0,1145.0,2025-09-21,11528.0,1,8058.0,3
0,49600.0,1240.0,2026-12-30,12478.0,1,6687.0,3
5,26600.0,665.0,2025-11-24,6728.0,1,7224.0,3
2,51000.0,1275.0,2025-12-17,44407.68,0,0.0,3
9,36900.0,922.5,2024-03-12,9303.0,1,674.0,3
10,50900.0,1272.5,2026-12-16,12803.0,1,4972.0,3
1,45100.0,1127.5,2026-11-29,11353.0,1,7191.0,3
9,31600.0,790.0,2026-07-08,7978.0,1,6041.0,3
8,25000.0,625.0,2025-04-19,6328.0,1,500.0,3
10,39200.0,980.0,2025-12-24,9878.0,1,6038.0,3
7,51100.0,1277.5,2022-01-30,44494.68,0,0.0,3
5,39100.0,977.5,2023-12-15,9853.0,1,3233.0,3
8,49700.0,1242.5,2027-10-26,12503.0,1,6488.0,3
1,50500.0,1262.5,2027-07-21,12703.0,1,5646.0,3
6,27400.0,685.0,2028-04-05,6928.0,1,2865.0,3
9,26600.0,665.0,2024-02-24,6728.0,1,2926.0,3
3,40400.0,1010.0,2022-09-07,10178.0,1,8384.0,3
6,35000.0,875.0,2026-05-30,8828.0,1,649.0,3
1,39500.0,987.5,2027-03-17,34402.68,0,0.0,3
2,46200.0,1155.0,2022-02-24,11628.0,1,5035.0,3
3,41600.0,1040.0,2027-12-07,10478.0,1,1665.0,3
5,32700.0,817.5,2022-07-21,8253.0,1,7644.0,3
4,29500.0,737.5,2025-04-15,7453.0,1,5065.0,3
1,51600.0,1290.0,2022-12-09,12978.0,1,499.0,3
7,34500.0,862.5,2024-06-20,8703.0,1,3010.0,3
6,30000.0,750.0,2028-12-25,7578.0,1,6936.0,3
3,29600.0,740.0,2027-03-02,7478.0,1,5194.0,3
5,41800.0,1045.0,2027-10-23,10528.0,1,4766.0,3
8,38200.0,955.0,2028-11-09,9628.0,1,4013.0,3
1,31400.0,785.0,2022-11-25,7928.0,1,5336.0,3
9,36100.0,902.5,2024-01-22,9103.0,1,3427.0,3
9,42700.0,1067.5,2028-04-28,37186.68,0,0.0,3
7,42000.0,1050.0,2028-11-18,10578.0,1,3163.0,3
10,45000.0,1125.0,2024-11-26,11328.0,1,5425.0,3
5,36800.0,920.0,2022-07-01,9278.0,1,300.0,3
1,37400.0,935.0,2027-07-14,9428.0,1,4796.0,3
7,46800.0,1170.0,2027-05-24,11778.0,1,3422.0,3
3,26300.0,657.5,2025-01-07,22918.68,0,0.0,3
3,36000.0,900.0,2027-07-26,9078.0,1,5423.0,3
7,29800.0,745.0,2026-12-27,7528.0,1,3580.0,3
9,45200.0,1130.0,2022-05-10,11378.0,1,8032.0,3
2,32400.0,810.0,2026-07-06,8178.0,1,8666.0,3
6,47000.0,1175.0,2026-02-04,40927.68,0,0.0,3
5,24100.0,602.5,2027-08-10,6103.0,1,8601.0,3
0,30600.0,765.0,2027-03-17,7728.0,1,2851.0,3
2,29300.0,732.5,2026-12-19,7403.0,1,1994.0,3
6,24300.0,607.5,2023-03-24,6153.0,1,2598.0,3
9,30400.0,760.0,2026-11-05,7678.0,1,10067.0,3
0,39000.0,975.0,2023-06-22,9828.0,1,5761.0,3
10,28600.0,715.0,2028-02-29,7228.0,1,4854.0,3
1,26000.0,650.0,2025-12-31,6578.0,1,6515.0,3
2,29100.0,727.5,2023-07-31,7353.0,1,5168.0,3
9,30000.0,750.0,2026-01-29,7578.0,1,4121.0,3
0,37300.0,932.5,2027-03-05,32488.68,0,0.0,3
2,52400.0,1310.0,2022-11-06,13178.0,1,4243.0,3
10,31100.0,777.5,2026-12-03,7853.0,1,2852.0,3
6,43000.0,1075.0,2026-05-30,10828.0,1,4397.0,3
3,24600.0,615.0,2023-07-22,6228.0,1,2107.0,3
2,44000.0,1100.0,2021-12-30,11078.0,1,220.0,3
3,53000.0,1325.0,2022-02-07,13328.0,1,531.0,3
7,43000.0,1075.0,2027-02-18,10828.0,1,3370.0,3
5,27800.0,695.0,2027-11-21,7028.0,1,6526.0,3
9,33400.0,835.0,2023-07-08,8428.0,1,4996.0,3
3,32500.0,812.5,2028-04-11,8203.0,1,3977.0,3
6,43000.0,1075.0,2025-03-07,37447.68,0,0.0,3
2,32100.0,802.5,2026-02-27,8103.0,1,5209.0,3
2,22900.0,572.5,2025-07-29,5803.0,1,3592.0,3
3,31600.0,790.0,2025-03-23,7978.0,1,2793.0,3
2,51800.0,1295.0,2027-08-06,13028.0,1,5485.0,3
6,36500.0,912.5,2027-08-02,9203.0,1,3704.0,3
7,47900.0,1197.5,2028-10-03,12053.0,1,607.0,3
10,27500.0,687.5,2026-08-15,6953.0,1,3330.0,3
2,36300.0,907.5,2022-03-11,9153.0,1,3359.0,3
5,23100.0,577.5,2026-12-24,5853.0,1,9962.0,3
8,46600.0,1165.0,2024-03-22,11728.0,1,344.0,3
2,52900.0,1322.5,2027-10-26,13303.0,1,10302.0,3
2,41200.0,1030.0,2026-03-19,10378.0,1,6462.0,3
1,35500.0,887.5,2023-05-16,8953.0,1,5514.0,3
3,28000.0,700.0,2027-12-17,7078.0,1,3509.0,3
4,46500.0,1162.5,2028-09-11,11703.0,1,723.0,3
3,32500.0,812.5,2025-09-17,8203.0,1,4364.0,3
7,35500.0,887.5,2028-09-24,8953.0,1,100.0,3
2,38200.0,955.0,2022-11-18,9628.0,1,3453.0,3
5,25900.0,647.5,2023-06-22,22570.68,0,0.0,3
0,33500.0,837.5,2022-02-08,8453.0,1,7699.0,3
1,23100.0,577.5,2023-02-18,5853.0,1,1391.0,3
9,42800.0,1070.0,2022-10-13,10778.0,1,4046.0,3
4,49900.0,1247.5,2024-11-26,12553.0,1,5697.0,3
1,28200.0,705.0,2023-06-29,7128.0,1,6279.0,3
9,48900.0,1222.5,2022-12-30,12303.0,1,3490.0,3
7,27600.0,690.0,2027-08-28,6978.0,1,1409.0,3
4,30800.0,770.0,2022-12-06,26833.68,0,0.0,3
2,24500.0,612.5,2028-06-04,6203.0,1,3350.0,3
2,30800.0,770.0,2026-03-02,7778.0,1,3352.0,3
0,52300.0,1307.5,2026-02-05,13153.0,1,473.0,3
3,28700.0,717.5,2025-09-02,25006.68,0,0.0,3
2,29100.0,727.5,2021-12-11,7353.0,1,2574.0,3
3,53500.0,1337.5,2025-08-10,13453.0,1,714.0,3
5,53500.0,1337.5,2023-08-27,13453.0,1,6274.0,3
10,41900.0,1047.5,2022-05-26,10553.0,1,8574.0,3
4,35200.0,880.0,2026-04-28,8878.0,1,3245.0,3
0,45000.0,1125.0,2028-05-25,11328.0,1,544.0,3
4,33700.0,842.5,2026-10-26,8503.0,1,6060.0,3
7,31200.0,780.0,2021-03-12,7878.0,1,2793.0,3
0,38700.0,967.5,2022-08-13,9753.0,1,6692.0,3
4,50100.0,1252.5,2025-08-18,12603.0,1,7423.0,3
10,30100.0,752.5,2024-11-04,7603.0,1,2813.0,3
10,48600.0,1215.0,2025-07-16,12228.0,1,6204.0,3
0,30800.0,770.0,2024-03-30,7778.0,1,4345.0,3
7,25400.0,635.0,2024-02-21,6428.0,1,768.0,3
8,28200.0,705.0,2024-07-07,7128.0,1,3069.0,3
5,27900.0,697.5,2025-04-19,7053.0,1,3829.0,3
3,28000.0,700.0,2028-12-06,7078.0,1,7371.0,3
5,50200.0,1255.0,2025-03-19,43711.68,0,0.0,3
8,29500.0,737.5,2027-01-17,7453.0,1,5408.0,3
0,38600.0,965.0,2025-08-03,9728.0,1,653.0,3
5,35900.0,897.5,2023-02-13,9053.0,1,6437.0,3
10,31200.0,780.0,2021-12-22,7878.0,1,2904.0,3
9,46000.0,1150.0,2026-11-01,11578.0,1,5638.0,3
0,29700.0,742.5,2025-08-15,7503.0,1,7794.0,3
8,32700.0,817.5,2025-09-23,28486.68,0,0.0,3
2,25900.0,647.5,2026-05-24,6553.0,1,5673.0,3
10,23300.0,582.5,2027-08-03,5903.0,1,8211.0,3
3,33100.0,827.5,2023-05-16,8353.0,1,3617.0,3
5,38300.0,957.5,2023-01-14,33358.68,0,0.0,3
9,31400.0,785.0,2026-08-03,7928.0,1,6545.0,3
3,34900.0,872.5,2026-10-23,8803.0,1,4182.0,3
5,50000.0,1250.0,2024-09-11,12578.0,1,7055.0,3
8,30600.0,765.0,2023-03-19,7728.0,1,2436.0,3
5,41300.0,1032.5,2023-07-17,10403.0,1,2863.0,3
0,33200.0,830.0,2022-10-10,8378.0,1,8734.0,3
4,36800.0,920.0,2024-08-31,9278.0,1,3135.0,3
0,37300.0,932.5,2024-06-12,9403.0,1,5463.0,3
0,42000.0,1050.0,2022-08-09,10578.0,1,4200.0,3
6,45800.0,1145.0,2024-08-16,11528.0,1,1935.0,3
9,48700.0,1217.5,2028-12-14,12253.0,1,3526.0,3
3,30000.0,750.0,2026-09-07,7578.0,1,2596.0,3
2,27700.0,692.5,2025-11-01,7003.0,1,406.0,3
3,29300.0,732.5,2023-09-08,7403.0,1,8740.0,3
7,34300.0,857.5,2022-01-21,8653.0,1,4672.0,3
6,32100.0,802.5,2022-08-16,8103.0,1,1060.0,3
7,35000.0,875.0,2028-11-01,8828.0,1,2139.0,3
10,44300.0,1107.5,2024-11-13,11153.0,1,6554.0,3
3,44500.0,1112.5,2023-11-16,11203.0,1,5783.0,3
5,43600.0,1090.0,2023-09-07,10978.0,1,4711.0,4
6,42600.0,1065.0,2026-03-04,10728.0,1,3020.0,4
3,33200.0,830.0,2028-04-28,8378.0,1,6478.0,4
2,23900.0,597.5,2024-11-17,20830.68,0,0.0,3
6,44000.0,1100.0,2028-03-23,11078.0,1,7896.0,4
10,49300.0,1232.5,2024-09-16,12403.0,1,716.0,4
3,46900.0,1172.5,2024-03-31,11803.0,1,4569.0,4
1,27200.0,680.0,2025-08-28,6878.0,1,2392.0,4
7,39800.0,995.0,2022-08-01,10028.0,1,7655.0,4
9,27400.0,685.0,2024-02-29,6928.0,1,10427.0,4
1,30200.0,755.0,2027-08-10,26311.68,0,0.0,3
9,46400.0,1160.0,2026-09-16,11678.0,1,382.0,4
9,34800.0,870.0,2022-01-06,8778.0,1,3096.0,4
6,20000.0,500.0,2021-12-20,5078.0,1,878.0,4
7,25200.0,630.0,2027-06-07,6378.0,1,1263.0,4
7,32500.0,812.5,2028-04-02,8203.0,1,744.0,4
10,50200.0,1255.0,2028-02-24,12628.0,1,2788.0,4
9,23800.0,595.0,2028-02-09,6028.0,1,3858.0,4
6,29000.0,725.0,2026-03-25,7328.0,1,9942.0,4
3,29900.0,747.5,2028-07-15,7553.0,1,4423.0,4
0,36000.0,900.0,2027-08-03,9078.0,1,8503.0,4
7,25500.0,637.5,2027-06-14,6453.0,1,3111.0,4
0,31500.0,787.5,2028-02-28,7953.0,1,3691.0,4
8,36700.0,917.5,2021-11-16,31966.68,0,0.0,4
7,43400.0,1085.0,2023-08-24,10928.0,1,8594.0,4
4,31400.0,785.0,2025-01-28,7928.0,1,5123.0,4
1,24400.0,610.0,2027-08-31,6178.0,1,6448.0,4
6,41300.0,1032.5,2023-09-23,10403.0,1,8096.0,4
1,31100.0,777.5,2025-01-05,7853.0,1,6510.0,4
10,46600.0,1165.0,2028-10-29,11728.0,1,3946.0,4
4,28000.0,700.0,2024-05-23,7078.0,1,3928.0,4
9,53100.0,1327.5,2028-11-13,13353.0,1,2832.0,4
3,25900.0,647.5,2024-05-04,6553.0,1,227.0,4
0,49500.0,1237.5,2022-11-08,43102.68,0,0.0,4
1,49000.0,1225.0,2025-04-04,12328.0,1,665.0,4
1,39900.0,997.5,2028-11-30,34750.68,0,0.0,4
1,32300.0,807.5,2024-06-29,8153.0,1,4674.0,4
6,41500.0,1037.5,2023-12-30,10453.0,1,3363.0,4
5,27000.0,675.0,2025-02-14,6828.0,1,4519.0,4
4,50200.0,1255.0,2023-07-21,12628.0,1,559.0,4
0,30400.0,760.0,2021-12-12,7678.0,1,3592.0,4
3,27200.0,680.0,2028-02-19,6878.0,1,747.0,4
5,29100.0,727.5,2022-05-12,7353.0,1,8307.0,4
1,32600.0,815.0,2024-08-14,8228.0,1,6517.0,4
10,24300.0,607.5,2026-09-13,6153.0,1,8488.0,4
5,53500.0,1337.5,2024-08-26,13453.0,1,7109.0,4
10,53200.0,1330.0,2024-07-16,13378.0,1,5265.0,4
7,32700.0,817.5,2026-04-30,8253.0,1,459.0,4
8,38600.0,965.0,2027-01-15,9728.0,1,6583.0,4
8,31900.0,797.5,2027-03-11,8053.0,1,3218.0,4
0,38600.0,965.0,2026-09-14,9728.0,1,6628.0,4
2,43200.0,1080.0,2024-03-17,10878.0,1,3577.0,4
9,53200.0,1330.0,2024-12-27,13378.0,1,6787.0,4
3,33600.0,840.0,2027-03-18,8478.0,1,7731.0,4
0,47000.0,1175.0,2028-04-13,11828.0,1,3554.0,4
9,46100.0,1152.5,2027-04-15,11603.0,1,6394.0,4
9,32200.0,805.0,2023-02-19,8128.0,1,3145.0,4
6,41600.0,1040.0,2022-12-22,10478.0,1,3715.0,4
4,42600.0,1065.0,2022-07-25,10728.0,1,4120.0,4
3,33500.0,837.5,2022-03-01,8453.0,1,10554.0,4
0,47400.0,1185.0,2023-01-25,11928.0,1,2931.0,4
6,24000.0,600.0,2023-10-26,6078.0,1,2706.0,4
3,28400.0,710.0,2021-10-11,7178.0,1,4836.0,4
6,24800.0,620.0,2026-02-06,21613.68,0,0.0,4
6,24600.0,615.0,2026-05-15,21439.68,0,0.0,4
8,25400.0,635.0,2025-01-04,6428.0,1,7931.0,4
10,30800.0,770.0,2023-11-03,7778.0,1,74.0,4
10,23400.0,585.0,2023-03-16,5928.0,1,5585.0,4
1,32500.0,812.5,2022-03-03,8203.0,1,59844.0,4
6,22600.0,565.0,2028-05-22,5728.0,1,6451.0,4
8,30600.0,765.0,2022-09-17,7728.0,1,567.0,4
1,24800.0,620.0,2022-07-07,6278.0,1,5888.0,4
0,27900.0,697.5,2026-04-08,24310.68,0,0.0,4
7,24400.0,610.0,2028-07-20,21265.68,0,0.0,4
5,43700.0,1092.5,2028-08-18,11003.0,1,936.0,4
9,23600.0,590.0,2028-09-18,5978.0,1,7906.0,4
6,37200.0,930.0,2025-06-16,9378.0,1,5310.0,4
5,30900.0,772.5,2023-01-28,7803.0,1,644.0,4
8,41400.0,1035.0,2028-03-05,10428.0,1,257.0,4
6,41100.0,1027.5,2025-08-02,10353.0,1,6851.0,4
2,41600.0,1040.0,2023-04-04,10478.0,1,7314.0,4
5,38800.0,970.0,2028-07-13,9778.0,1,5948.0,4
8,44100.0,1102.5,2024-04-30,11103.0,1,6793.0,4
2,28300.0,707.5,2023-04-17,7153.0,1,2879.0,4
0,26700.0,667.5,2024-03-16,6753.0,1,3297.0,4
8,31000.0,775.0,2022-11-12,7828.0,1,3578.0,4
3,32800.0,820.0,2026-01-13,8278.0,1,4481.0,4
4,41500.0,1037.5,2023-09-06,10453.0,1,5716.0,4
9,42200.0,1055.0,2026-04-19,10628.0,1,4860.0,4
1,37400.0,935.0,2024-05-27,9428.0,1,4786.0,4
4,51600.0,1290.0,2028-07-08,12978.0,1,4523.0,4
10,27400.0,685.0,2023-11-15,6928.0,1,8181.0,4
7,24800.0,620.0,2024-04-17,6278.0,1,6143.0,4
0,48600.0,1215.0,2025-12-18,12228.0,1,5389.0,4
5,29700.0,742.5,2023-05-15,7503.0,1,6650.0,4
10,30300.0,757.5,2027-04-25,7653.0,1,4465.0,4
1,46500.0,1162.5,2022-12-23,11703.0,1,6715.0,4
1,24900.0,622.5,2027-12-30,6303.0,1,7381.0,4
3,46500.0,1162.5,2022-03-01,11703.0,1,6613.0,4
2,51500.0,1287.5,2022-07-01,12953.0,1,4058.0,4
10,29400.0,735.0,2026-08-07,7428.0,1,1573.0,4
10,25600.0,640.0,2025-07-25,6478.0,1,2417.0,4
1,50300.0,1257.5,2028-05-02,43798.68,0,0.0,4
5,23300.0,582.5,2023-09-12,20308.68,0,0.0,4
10,41100.0,1027.5,2028-05-06,10353.0,1,4625.0,4
2,52700.0,1317.5,2026-12-15,13253.0,1,3521.0,4
10,43600.0,1090.0,2022-05-14,10978.0,1,731.0,4
9,30800.0,770.0,2023-07-22,7778.0,1,3130.0,4
2,37600.0,940.0,2027-11-06,9478.0,1,4442.0,4
10,38100.0,952.5,2027-06-18,9603.0,1,2456.0,4
0,26600.0,665.0,2024-11-05,6728.0,1,6441.0,4
8,28300.0,707.5,2024-01-17,7153.0,1,4543.0,4
3,43000.0,1075.0,2026-06-01,10828.0,1,9702.0,4
7,24700.0,617.5,2027-04-02,6253.0,1,440.0,4
9,44400.0,1110.0,2027-02-15,11178.0,1,620.0,4
6,41500.0,1037.5,2026-03-12,36142.68,0,0.0,4
1,50500.0,1262.5,2023-01-17,12703.0,1,621.0,4
9,46000.0,1150.0,2023-07-07,40057.68,0,0.0,4
9,53000.0,1325.0,2027-05-18,13328.0,1,5316.0,4
0,34400.0,860.0,2025-10-04,8678.0,1,699.0,4
6,48200.0,1205.0,2023-01-15,12128.0,1,23000.0,4
10,33900.0,847.5,2023-05-20,8553.0,1,105.0,4
1,45100.0,1127.5,2026-06-29,11353.0,1,8395.0,4
6,31000.0,775.0,2026-02-04,7828.0,1,4072.0,4
2,23100.0,577.5,2022-07-23,20134.68,0,0.0,4
3,40300.0,1007.5,2022-04-22,10153.0,1,5884.0,4
0,29600.0,740.0,2026-12-29,7478.0,1,7970.0,4
5,47100.0,1177.5,2023-04-07,11853.0,1,3451.0,4
3,28500.0,712.5,2028-10-01,7203.0,1,4139.0,4
4,24300.0,607.5,2025-06-16,6153.0,1,2300.0,4
4,53400.0,1335.0,2024-08-12,46495.68,0,0.0,4
9,30100.0,752.5,2022-04-13,26224.68,0,0.0,4
9,47300.0,1182.5,2026-03-10,11903.0,1,8926.0,4
8,41200.0,1030.0,2028-05-09,10378.0,1,3450.0,4
5,24200.0,605.0,2022-01-28,6128.0,1,3938.0,4
7,43700.0,1092.5,2026-10-26,11003.0,1,3289.0,4
7,26600.0,665.0,2021-03-12,6728.0,1,925.0,4
9,50000.0,1250.0,2023-05-08,12578.0,1,2825.0,4
4,23100.0,577.5,2022-09-22,5853.0,1,2458.0,4
8,48500.0,1212.5,2021-11-14,12203.0,1,9073.0,4
7,44000.0,1100.0,2024-07-11,11078.0,1,5539.0,4
10,35700.0,892.5,2026-04-11,9003.0,1,908.0,4
4,35100.0,877.5,2022-10-30,8853.0,1,3303.0,4
8,33100.0,827.5,2023-05-04,8353.0,1,1074.0,4
4,29000.0,725.0,2023-03-25,7328.0,1,7525.0,4
7,39800.0,995.0,2027-12-07,10028.0,1,435.0,4
5,31000.0,775.0,2025-09-11,7828.0,1,6630.0,4
5,29200.0,730.0,2024-06-14,7378.0,1,5924.0,4
7,40800.0,1020.0,2027-06-22,10278.0,1,8549.0,4
1,31500.0,787.5,2023-04-13,7953.0,1,5946.0,4
5,27400.0,685.0,2026-03-24,6928.0,1,8846.0,4
8,25300.0,632.5,2026-03-30,6403.0,1,3777.0,4
10,41600.0,1040.0,2024-06-11,10478.0,1,948.0,4
4,31800.0,795.0,2025-01-31,8028.0,1,5552.0,4
7,36300.0,907.5,2026-01-06,9153.0,1,5374.0,4
10,43600.0,1090.0,2022-06-16,10978.0,1,2988.0,4
3,38500.0,962.5,2024-09-23,9703.0,1,3527.0,4
0,27400.0,685.0,2024-10-26,6928.0,1,1303.0,4
1,36200.0,905.0,2023-10-02,9128.0,1,8111.0,4
2,24900.0,622.5,2026-07-17,6303.0,1,4631.0,4
9,34200.0,855.0,2022-06-28,8628.0,1,6692.0,4
1,48400.0,1210.0,2027-12-24,12178.0,1,567.0,4
6,26400.0,660.0,2025-03-10,6678.0,1,6787.0,4
4,33000.0,825.0,2027-03-20,8328.0,1,6767.0,4
4,43400.0,1085.0,2028-06-09,10928.0,1,4852.0,4
3,46200.0,1155.0,2025-01-24,11628.0,1,6410.0,4
3,35800.0,895.0,2022-08-06,9028.0,1,9134.0,4
3,27800.0,695.0,2022-07-24,7028.0,1,3290.0,4
9,27400.0,685.0,2022-02-22,6928.0,1,3302.0,4
9,42300.0,1057.5,2026-12-29,10653.0,1,2181.0,4
8,36800.0,920.0,2027-01-09,9278.0,1,6122.0,4
5,51400.0,1285.0,2028-03-24,12928.0,1,515.0,4
3,42900.0,1072.5,2025-11-06,10803.0,1,6224.0,4
0,36900.0,922.5,2028-10-10,9303.0,1,6268.0,4
9,47700.0,1192.5,2028-06-04,12003.0,1,6326.0,4
8,33600.0,840.0,2028-06-16,29269.68,0,0.0,4
3,40700.0,1017.5,2022-06-26,10253.0,1,3360.0,4
6,45900.0,1147.5,2024-01-24,11553.0,1,584.0,4
1,44500.0,1112.5,2025-10-02,11203.0,1,1181.0,4
8,47800.0,1195.0,2026-12-04,12028.0,1,4512.0,4
6,50300.0,1257.5,2027-01-12,12653.0,1,2695.0,4
0,52600.0,1315.0,2024-05-21,13228.0,1,3466.0,4
0,26300.0,657.5,2026-11-21,6653.0,1,4135.0,4
2,31700.0,792.5,2028-10-01,27616.68,0,0.0,4
6,42700.0,1067.5,2027-05-30,10753.0,1,3792.0,4
0,50300.0,1257.5,2022-10-16,43798.68,0,0.0,4
8,42300.0,1057.5,2022-10-18,10653.0,1,2726.0,4
6,43800.0,1095.0,2027-11-21,11028.0,1,2846.0,4
4,52200.0,1305.0,2027-03-17,13128.0,1,890.0,4
8,37800.0,945.0,2022-07-23,9528.0,1,4747.0,4
9,46200.0,1155.0,2025-03-13,11628.0,1,3615.0,4
3,39400.0,985.0,2026-04-27,9928.0,1,4546.0,4
7,30100.0,752.5,2026-09-20,7603.0,1,2435.0,4
4,31100.0,777.5,2023-01-16,7853.0,1,8304.0,4
0,50400.0,1260.0,2028-11-09,12678.0,1,1648.0,4
2,32700.0,817.5,2023-03-11,28486.68,0,0.0,4
7,52600.0,1315.0,2025-03-26,13228.0,1,658.0,4
10,28100.0,702.5,2023-11-28,7103.0,1,6204.0,4
1,46400.0,1160.0,2023-12-21,11678.0,1,494.0,4
2,24900.0,622.5,2023-01-01,6303.0,1,6404.0,4
5,47000.0,1175.0,2027-08-24,11828.0,1,5459.0,4
9,23500.0,587.5,2024-06-18,5953.0,1,819.0,4
6,46700.0,1167.5,2023-03-31,11753.0,1,3589.0,4
6,31100.0,777.5,2027-08-11,7853.0,1,2337.0,4
7,42800.0,1070.0,2024-01-12,10778.0,1,330.0,4
6,24800.0,620.0,2023-06-20,6278.0,1,8830.0,4
2,53400.0,1335.0,2027-11-01,13428.0,1,350.0,4
8,51200.0,1280.0,2027-12-17,12878.0,1,2473.0,4
10,35800.0,895.0,2024-12-19,9028.0,1,5842.0,4
8,37200.0,930.0,2023-04-25,9378.0,1,3558.0,4
4,50600.0,1265.0,2028-09-09,12728.0,1,2347.0,4
3,37500.0,937.5,2027-06-16,9453.0,1,9212.0,4
9,41800.0,1045.0,2025-09-27,10528.0,1,3345.0,4
4,35100.0,877.5,2025-07-25,8853.0,1,839.0,4
2,24900.0,622.5,2028-01-02,6303.0,1,9903.0,4
5,34600.0,865.0,2022-11-17,8728.0,1,3778.0,4
5,45400.0,1135.0,2025-06-09,11428.0,1,6314.0,4
1,40800.0,1020.0,2027-05-22,35533.68,0,0.0,4
7,45800.0,1145.0,2028-07-28,11528.0,1,826.0,4
4,31200.0,780.0,2024-12-10,7878.0,1,3931.0,4
8,45500.0,1137.5,2024-08-07,11453.0,1,100.0,4
7,29600.0,740.0,2024-08-30,7478.0,1,7755.0,4
8,40500.0,1012.5,2027-09-13,10203.0,1,9855.0,4
1,41800.0,1045.0,2025-01-18,10528.0,1,5754.0,4
10,41200.0,1030.0,2025-05-27,10378.0,1,5716.0,4
10,30800.0,770.0,2022-08-23,7778.0,1,6082.0,4
4,51000.0,1275.0,2023-06-11,12828.0,1,8690.0,4
9,39500.0,987.5,2022-05-14,9953.0,1,5591.0,4
3,40200.0,1005.0,2028-05-23,10128.0,1,6385.0,4
10,38900.0,972.5,2027-07-31,9803.0,1,7185.0,4
3,43300.0,1082.5,2025-03-20,10903.0,1,3293.0,4
4,38800.0,970.0,2024-10-01,9778.0,1,2535.0,4
2,53000.0,1325.0,2022-02-01,13328.0,1,4273.0,4
3,38100.0,952.5,2023-01-28,9603.0,1,5390.0,4
4,24700.0,617.5,2022-07-21,6253.0,1,6294.0,4
6,39000.0,975.0,2028-07-06,9828.0,1,7916.0,4
8,36900.0,922.5,2022-01-30,9303.0,1,3369.0,4
9,27700.0,692.5,2027-10-12,7003.0,1,4766.0,4
8,27900.0,697.5,2024-02-17,7053.0,1,3899.0,4
8,29600.0,740.0,2027-03-01,7478.0,1,4742.0,4
6,51100.0,1277.5,2027-02-20,12853.0,1,7250.0,4
10,43600.0,1090.0,2025-04-18,10978.0,1,2863.0,4
9,51300.0,1282.5,2022-10-17,12903.0,1,3434.0,4
5,35700.0,892.5,2027-11-16,9003.0,1,2228.0,4
5,41800.0,1045.0,2027-12-01,10528.0,1,4458.0,4
10,40900.0,1022.5,2028-07-06,35620.68,0,0.0,4
4,25000.0,625.0,2024-06-06,6328.0,1,841.0,4
2,50700.0,1267.5,2021-05-11,12753.0,1,4349.0,4
3,28900.0,722.5,2027-12-13,7303.0,1,6126.0,4
5,31500.0,787.5,2023-09-03,7953.0,1,487.0,4
8,30800.0,770.0,2027-11-22,7778.0,1,5886.0,4
7,44100.0,1102.5,2027-06-11,11103.0,1,7346.0,4
1,31100.0,777.5,2022-08-30,7853.0,1,6995.0,4
7,28900.0,722.5,2024-01-22,7303.0,1,1573.0,4
0,39800.0,995.0,2028-03-13,10028.0,1,3429.0,4
6,35800.0,895.0,2026-06-26,9028.0,1,2899.0,4
2,24500.0,612.5,2027-05-01,6203.0,1,8638.0,4
2,49700.0,1242.5,2025-12-17,12503.0,1,3773.0,4
10,36900.0,922.5,2024-07-19,9303.0,1,3270.0,4
3,51000.0,1275.0,2023-03-02,12828.0,1,6952.0,4
5,32400.0,810.0,2028-09-28,8178.0,1,425.0,4
1,39800.0,995.0,2027-11-03,10028.0,1,4349.0,4
